{"cameraMode":{"drawMode":0,"name":"Shaded","section":"Shading Mode"},"sceneLighting":false,"audioPlay":false,"sceneViewState":{"showFog":true,"showMaterialUpdate":false,"showSkybox":false,"showFlares":true,"showImageEffects":true,"showParticleSystems":true},"in2DMode":false,"pivot":{"x":0.027473479509353639,"y":2.0109095573425295,"z":-0.5150541067123413},"rotation":{"x":-0.03835892677307129,"y":0.9598128795623779,"z":-0.22454114258289338,"w":-0.16396677494049073},"size":0.5657075047492981,"orthographic":false}