{"cameraMode":{"drawMode":0,"name":"Shaded","section":"Shading Mode"},"sceneLighting":true,"audioPlay":false,"sceneViewState":{"showFog":true,"showMaterialUpdate":false,"showSkybox":true,"showFlares":true,"showImageEffects":true,"showParticleSystems":true},"in2DMode":false,"pivot":{"x":-3.7650270462036135,"y":-2.4191994667053224,"z":2.7045669555664064},"rotation":{"x":0.28235796093940737,"y":-0.47730860114097597,"z":0.16528835892677308,"w":0.8155779242515564},"size":5.665708065032959,"orthographic":false}