{"cameraMode":{"drawMode":0,"name":"Shaded","section":"Shading Mode"},"sceneLighting":false,"audioPlay":false,"sceneViewState":{"showFog":true,"showMaterialUpdate":false,"showSkybox":false,"showFlares":true,"showImageEffects":true,"showParticleSystems":true},"in2DMode":false,"pivot":{"x":-0.32297420501708987,"y":1.80796480178833,"z":-0.5218355655670166},"rotation":{"x":-0.2751040756702423,"y":0.2028936743736267,"z":-0.05951179563999176,"w":-0.9378754496574402},"size":1.5740396976470948,"orthographic":false}