{"cameraMode":{"drawMode":0,"name":"Shaded","section":"Shading Mode"},"sceneLighting":false,"audioPlay":false,"sceneViewState":{"showFog":true,"showMaterialUpdate":false,"showSkybox":false,"showFlares":true,"showImageEffects":true,"showParticleSystems":true},"in2DMode":false,"pivot":{"x":-0.3309498429298401,"y":2.4261574745178224,"z":-0.33332061767578127},"rotation":{"x":-0.3006460964679718,"y":0.354909747838974,"z":-0.12168747931718826,"w":-0.8768481016159058},"size":0.4419419765472412,"orthographic":false}